<?xml version="1.0" encoding="UTF-8"?>
<export version="E">
  <design>
    <source>/home/ekter/Documents/codaj/drn/drn2/drn2.kicad_sch</source>
    <date>2025-02-07T15:31:09+0100</date>
    <tool>Eeschema 8.0.7-8.0.7-0~ubuntu24.04.1</tool>
    <sheet number="1" name="/" tstamps="/">
      <title_block>
        <title/>
        <company/>
        <rev/>
        <date/>
        <source>drn2.kicad_sch</source>
        <comment number="1" value=""/>
        <comment number="2" value=""/>
        <comment number="3" value=""/>
        <comment number="4" value=""/>
        <comment number="5" value=""/>
        <comment number="6" value=""/>
        <comment number="7" value=""/>
        <comment number="8" value=""/>
        <comment number="9" value=""/>
      </title_block>
    </sheet>
  </design>
  <components>
    <comp ref="5V1">
      <value>Conn_01x03_Socket</value>
      <footprint>Connector_PinHeader_2.54mm:PinHeader_1x03_P2.54mm_Vertical</footprint>
      <description>Generic connector, single row, 01x03, script generated</description>
      <fields>
        <field name="LCSC Part">C541850</field>
        <field name="Footprint">Connector_PinHeader_2.54mm:PinHeader_1x03_P2.54mm_Vertical</field>
        <field name="Datasheet"/>
        <field name="Description">Generic connector, single row, 01x03, script generated</field>
      </fields>
      <libsource lib="Connector" part="Conn_01x03_Socket" description="Generic connector, single row, 01x03, script generated"/>
      <property name="LCSC Part" value="C541850"/>
      <property name="Sheetname" value="Root"/>
      <property name="Sheetfile" value="drn2.kicad_sch"/>
      <property name="ki_keywords" value="connector"/>
      <property name="ki_fp_filters" value="Connector*:*_1x??_*"/>
      <sheetpath names="/" tstamps="/"/>
      <tstamps>0e2e49c2-ab01-4ca9-9fb1-f28ce4b648b7</tstamps>
    </comp>
    <comp ref="5V2">
      <value>TestPoint</value>
      <footprint>TestPoint:TestPoint_Pad_D1.0mm</footprint>
      <description>test point</description>
      <fields>
        <field name="JLCPCB BOM">0</field>
        <field name="Footprint">TestPoint:TestPoint_Pad_D1.0mm</field>
        <field name="Datasheet"/>
        <field name="Description">test point</field>
      </fields>
      <libsource lib="Connector" part="TestPoint" description="test point"/>
      <property name="JLCPCB BOM" value="0"/>
      <property name="Sheetname" value="Root"/>
      <property name="Sheetfile" value="drn2.kicad_sch"/>
      <property name="ki_keywords" value="test point tp"/>
      <property name="ki_fp_filters" value="Pin* Test*"/>
      <sheetpath names="/" tstamps="/"/>
      <tstamps>6e166756-5030-4d21-b3c3-5ac63104cedb</tstamps>
    </comp>
    <comp ref="BAT1">
      <value>TestPoint</value>
      <footprint>TestPoint:TestPoint_Pad_D1.0mm</footprint>
      <description>test point</description>
      <fields>
        <field name="JLCPCB BOM">0</field>
        <field name="Footprint">TestPoint:TestPoint_Pad_D1.0mm</field>
        <field name="Datasheet"/>
        <field name="Description">test point</field>
      </fields>
      <libsource lib="Connector" part="TestPoint" description="test point"/>
      <property name="JLCPCB BOM" value="0"/>
      <property name="Sheetname" value="Root"/>
      <property name="Sheetfile" value="drn2.kicad_sch"/>
      <property name="ki_keywords" value="test point tp"/>
      <property name="ki_fp_filters" value="Pin* Test*"/>
      <sheetpath names="/" tstamps="/"/>
      <tstamps>39ac5fed-acf1-4c25-a3eb-cd838a4bb969</tstamps>
    </comp>
    <comp ref="C1">
      <value>100nF</value>
      <footprint>Capacitor_SMD:C_0603_1608Metric_Pad1.08x0.95mm_HandSolder</footprint>
      <description>Unpolarized capacitor</description>
      <fields>
        <field name="LCSC Part">C66501</field>
        <field name="Footprint">Capacitor_SMD:C_0603_1608Metric_Pad1.08x0.95mm_HandSolder</field>
        <field name="Datasheet"/>
        <field name="Description">Unpolarized capacitor</field>
      </fields>
      <libsource lib="Device" part="C" description="Unpolarized capacitor"/>
      <property name="LCSC Part" value="C66501"/>
      <property name="Sheetname" value="Root"/>
      <property name="Sheetfile" value="drn2.kicad_sch"/>
      <property name="ki_keywords" value="cap capacitor"/>
      <property name="ki_fp_filters" value="C_*"/>
      <sheetpath names="/" tstamps="/"/>
      <tstamps>f52770d7-12e5-45bf-8f0a-b080c93b2374</tstamps>
    </comp>
    <comp ref="C2">
      <value>100nF</value>
      <footprint>Capacitor_SMD:C_0603_1608Metric_Pad1.08x0.95mm_HandSolder</footprint>
      <description>Unpolarized capacitor</description>
      <fields>
        <field name="LCSC Part">C66501</field>
        <field name="Footprint">Capacitor_SMD:C_0603_1608Metric_Pad1.08x0.95mm_HandSolder</field>
        <field name="Datasheet"/>
        <field name="Description">Unpolarized capacitor</field>
      </fields>
      <libsource lib="Device" part="C" description="Unpolarized capacitor"/>
      <property name="LCSC Part" value="C66501"/>
      <property name="Sheetname" value="Root"/>
      <property name="Sheetfile" value="drn2.kicad_sch"/>
      <property name="ki_keywords" value="cap capacitor"/>
      <property name="ki_fp_filters" value="C_*"/>
      <sheetpath names="/" tstamps="/"/>
      <tstamps>113cc3c1-595b-4441-be1a-ddbe7ee260f3</tstamps>
    </comp>
    <comp ref="C3">
      <value>100nF</value>
      <footprint>Capacitor_SMD:C_0603_1608Metric_Pad1.08x0.95mm_HandSolder</footprint>
      <description>Unpolarized capacitor</description>
      <fields>
        <field name="LCSC Part">C66501</field>
        <field name="Footprint">Capacitor_SMD:C_0603_1608Metric_Pad1.08x0.95mm_HandSolder</field>
        <field name="Datasheet"/>
        <field name="Description">Unpolarized capacitor</field>
      </fields>
      <libsource lib="Device" part="C" description="Unpolarized capacitor"/>
      <property name="LCSC Part" value="C66501"/>
      <property name="Sheetname" value="Root"/>
      <property name="Sheetfile" value="drn2.kicad_sch"/>
      <property name="ki_keywords" value="cap capacitor"/>
      <property name="ki_fp_filters" value="C_*"/>
      <sheetpath names="/" tstamps="/"/>
      <tstamps>fccbbe0e-ce83-404f-a1b4-3b8c04ccb1e3</tstamps>
    </comp>
    <comp ref="C4">
      <value>C_Polarized</value>
      <footprint>Capacitor_SMD:CP_Elec_4x5.4</footprint>
      <description>Polarized capacitor</description>
      <fields>
        <field name="LCSC Part">C72483</field>
        <field name="Footprint">Capacitor_SMD:CP_Elec_4x5.4</field>
        <field name="Datasheet"/>
        <field name="Description">Polarized capacitor</field>
      </fields>
      <libsource lib="Device" part="C_Polarized" description="Polarized capacitor"/>
      <property name="LCSC Part" value="C72483"/>
      <property name="Sheetname" value="Root"/>
      <property name="Sheetfile" value="drn2.kicad_sch"/>
      <property name="ki_keywords" value="cap capacitor"/>
      <property name="ki_fp_filters" value="CP_*"/>
      <sheetpath names="/" tstamps="/"/>
      <tstamps>d0faed5d-9141-455f-8963-c6922cb09c2b</tstamps>
    </comp>
    <comp ref="C5">
      <value>10nF</value>
      <footprint>Capacitor_SMD:C_0603_1608Metric_Pad1.08x0.95mm_HandSolder</footprint>
      <description>Unpolarized capacitor</description>
      <fields>
        <field name="LCSC Part">C519406</field>
        <field name="Footprint">Capacitor_SMD:C_0603_1608Metric_Pad1.08x0.95mm_HandSolder</field>
        <field name="Datasheet"/>
        <field name="Description">Unpolarized capacitor</field>
      </fields>
      <libsource lib="Device" part="C" description="Unpolarized capacitor"/>
      <property name="LCSC Part" value="C519406"/>
      <property name="Sheetname" value="Root"/>
      <property name="Sheetfile" value="drn2.kicad_sch"/>
      <property name="ki_keywords" value="cap capacitor"/>
      <property name="ki_fp_filters" value="C_*"/>
      <sheetpath names="/" tstamps="/"/>
      <tstamps>0d285f9e-1761-45d5-a89b-1920efc90589</tstamps>
    </comp>
    <comp ref="D1">
      <value>LEDG</value>
      <footprint>LED_SMD:LED_0603_1608Metric</footprint>
      <description>Light emitting diode</description>
      <fields>
        <field name="LCSC Part">C965806</field>
        <field name="Footprint">LED_SMD:LED_0603_1608Metric</field>
        <field name="Datasheet"/>
        <field name="Description">Light emitting diode</field>
      </fields>
      <libsource lib="Device" part="LED" description="Light emitting diode"/>
      <property name="LCSC Part" value="C965806"/>
      <property name="Sheetname" value="Root"/>
      <property name="Sheetfile" value="drn2.kicad_sch"/>
      <property name="ki_keywords" value="LED diode"/>
      <property name="ki_fp_filters" value="LED* LED_SMD:* LED_THT:*"/>
      <sheetpath names="/" tstamps="/"/>
      <tstamps>1ce8a54b-df6c-40ed-9f28-6e31c2ee4b10</tstamps>
    </comp>
    <comp ref="D2">
      <value>LEDY</value>
      <footprint>LED_SMD:LED_0603_1608Metric</footprint>
      <description>Light emitting diode</description>
      <fields>
        <field name="LCSC Part">C965802</field>
        <field name="Footprint">LED_SMD:LED_0603_1608Metric</field>
        <field name="Datasheet"/>
        <field name="Description">Light emitting diode</field>
      </fields>
      <libsource lib="Device" part="LED" description="Light emitting diode"/>
      <property name="LCSC Part" value="C965802"/>
      <property name="Sheetname" value="Root"/>
      <property name="Sheetfile" value="drn2.kicad_sch"/>
      <property name="ki_keywords" value="LED diode"/>
      <property name="ki_fp_filters" value="LED* LED_SMD:* LED_THT:*"/>
      <sheetpath names="/" tstamps="/"/>
      <tstamps>078fa1ee-6890-4fc5-89db-12734a00598f</tstamps>
    </comp>
    <comp ref="D3">
      <value>LEDR</value>
      <footprint>LED_SMD:LED_0603_1608Metric</footprint>
      <description>Light emitting diode</description>
      <fields>
        <field name="LCSC Part">C965798</field>
        <field name="Footprint">LED_SMD:LED_0603_1608Metric</field>
        <field name="Datasheet"/>
        <field name="Description">Light emitting diode</field>
      </fields>
      <libsource lib="Device" part="LED" description="Light emitting diode"/>
      <property name="LCSC Part" value="C965798"/>
      <property name="Sheetname" value="Root"/>
      <property name="Sheetfile" value="drn2.kicad_sch"/>
      <property name="ki_keywords" value="LED diode"/>
      <property name="ki_fp_filters" value="LED* LED_SMD:* LED_THT:*"/>
      <sheetpath names="/" tstamps="/"/>
      <tstamps>22ee427d-ea60-4dc8-80ce-19a149756437</tstamps>
    </comp>
    <comp ref="D4">
      <value>LEDI</value>
      <footprint>LED_SMD:LED_0603_1608Metric</footprint>
      <description>Light emitting diode</description>
      <fields>
        <field name="LCSC Part">C412284</field>
        <field name="Footprint">LED_SMD:LED_0603_1608Metric</field>
        <field name="Datasheet"/>
        <field name="Description">Light emitting diode</field>
      </fields>
      <libsource lib="Device" part="LED" description="Light emitting diode"/>
      <property name="LCSC Part" value="C412284"/>
      <property name="Sheetname" value="Root"/>
      <property name="Sheetfile" value="drn2.kicad_sch"/>
      <property name="ki_keywords" value="LED diode"/>
      <property name="ki_fp_filters" value="LED* LED_SMD:* LED_THT:*"/>
      <sheetpath names="/" tstamps="/"/>
      <tstamps>60d156f1-bf01-4573-8ff7-343768d2ff5c</tstamps>
    </comp>
    <comp ref="D5">
      <value>LEDI</value>
      <footprint>LED_SMD:LED_0603_1608Metric</footprint>
      <description>Light emitting diode</description>
      <fields>
        <field name="LCSC Part">C412284</field>
        <field name="Footprint">LED_SMD:LED_0603_1608Metric</field>
        <field name="Datasheet"/>
        <field name="Description">Light emitting diode</field>
      </fields>
      <libsource lib="Device" part="LED" description="Light emitting diode"/>
      <property name="LCSC Part" value="C412284"/>
      <property name="Sheetname" value="Root"/>
      <property name="Sheetfile" value="drn2.kicad_sch"/>
      <property name="ki_keywords" value="LED diode"/>
      <property name="ki_fp_filters" value="LED* LED_SMD:* LED_THT:*"/>
      <sheetpath names="/" tstamps="/"/>
      <tstamps>62227294-cd7f-416c-b461-1553a0f43c46</tstamps>
    </comp>
    <comp ref="D6">
      <value>LEDI</value>
      <footprint>LED_SMD:LED_0603_1608Metric</footprint>
      <description>Light emitting diode</description>
      <fields>
        <field name="LCSC Part">C412284</field>
        <field name="Footprint">LED_SMD:LED_0603_1608Metric</field>
        <field name="Datasheet"/>
        <field name="Description">Light emitting diode</field>
      </fields>
      <libsource lib="Device" part="LED" description="Light emitting diode"/>
      <property name="LCSC Part" value="C412284"/>
      <property name="Sheetname" value="Root"/>
      <property name="Sheetfile" value="drn2.kicad_sch"/>
      <property name="ki_keywords" value="LED diode"/>
      <property name="ki_fp_filters" value="LED* LED_SMD:* LED_THT:*"/>
      <sheetpath names="/" tstamps="/"/>
      <tstamps>ce4e5196-d1ab-422d-9c27-674a183950f1</tstamps>
    </comp>
    <comp ref="D7">
      <value>LEDI</value>
      <footprint>LED_SMD:LED_0603_1608Metric</footprint>
      <description>Light emitting diode</description>
      <fields>
        <field name="LCSC Part">C412284</field>
        <field name="Footprint">LED_SMD:LED_0603_1608Metric</field>
        <field name="Datasheet"/>
        <field name="Description">Light emitting diode</field>
      </fields>
      <libsource lib="Device" part="LED" description="Light emitting diode"/>
      <property name="LCSC Part" value="C412284"/>
      <property name="Sheetname" value="Root"/>
      <property name="Sheetfile" value="drn2.kicad_sch"/>
      <property name="ki_keywords" value="LED diode"/>
      <property name="ki_fp_filters" value="LED* LED_SMD:* LED_THT:*"/>
      <sheetpath names="/" tstamps="/"/>
      <tstamps>67f5ee70-f097-4964-892b-c465443641cf</tstamps>
    </comp>
    <comp ref="GND1">
      <value>Conn_01x03_Socket</value>
      <footprint>Connector_PinHeader_2.54mm:PinHeader_1x03_P2.54mm_Vertical</footprint>
      <description>Generic connector, single row, 01x03, script generated</description>
      <fields>
        <field name="LCSC Part">C541850</field>
        <field name="Footprint">Connector_PinHeader_2.54mm:PinHeader_1x03_P2.54mm_Vertical</field>
        <field name="Datasheet"/>
        <field name="Description">Generic connector, single row, 01x03, script generated</field>
      </fields>
      <libsource lib="Connector" part="Conn_01x03_Socket" description="Generic connector, single row, 01x03, script generated"/>
      <property name="LCSC Part" value="C541850"/>
      <property name="Sheetname" value="Root"/>
      <property name="Sheetfile" value="drn2.kicad_sch"/>
      <property name="ki_keywords" value="connector"/>
      <property name="ki_fp_filters" value="Connector*:*_1x??_*"/>
      <sheetpath names="/" tstamps="/"/>
      <tstamps>047b2ed7-993c-4545-ab61-02eae5ed089d</tstamps>
    </comp>
    <comp ref="GND7">
      <value>TestPoint</value>
      <footprint>TestPoint:TestPoint_Pad_D1.0mm</footprint>
      <description>test point</description>
      <fields>
        <field name="JLCPCB BOM">0</field>
        <field name="Footprint">TestPoint:TestPoint_Pad_D1.0mm</field>
        <field name="Datasheet"/>
        <field name="Description">test point</field>
      </fields>
      <libsource lib="Connector" part="TestPoint" description="test point"/>
      <property name="JLCPCB BOM" value="0"/>
      <property name="Sheetname" value="Root"/>
      <property name="Sheetfile" value="drn2.kicad_sch"/>
      <property name="ki_keywords" value="test point tp"/>
      <property name="ki_fp_filters" value="Pin* Test*"/>
      <sheetpath names="/" tstamps="/"/>
      <tstamps>e7310762-6ddd-476e-8b40-c1f805f35243</tstamps>
    </comp>
    <comp ref="I2C1">
      <value>Conn_01x04_Socket</value>
      <footprint>Connector_PinHeader_2.54mm:PinHeader_1x04_P2.54mm_Vertical</footprint>
      <description>Generic connector, single row, 01x04, script generated</description>
      <fields>
        <field name="JLCPCB BOM">1</field>
        <field name="LCSC Part">C2718488</field>
        <field name="Footprint">Connector_PinHeader_2.54mm:PinHeader_1x04_P2.54mm_Vertical</field>
        <field name="Datasheet"/>
        <field name="Description">Generic connector, single row, 01x04, script generated</field>
      </fields>
      <libsource lib="Connector" part="Conn_01x04_Socket" description="Generic connector, single row, 01x04, script generated"/>
      <property name="JLCPCB BOM" value="1"/>
      <property name="LCSC Part" value="C2718488"/>
      <property name="Sheetname" value="Root"/>
      <property name="Sheetfile" value="drn2.kicad_sch"/>
      <property name="ki_keywords" value="connector"/>
      <property name="ki_fp_filters" value="Connector*:*_1x??_*"/>
      <sheetpath names="/" tstamps="/"/>
      <tstamps>11f64923-b3b4-4728-b6f8-d9a0444a717e</tstamps>
    </comp>
    <comp ref="IMU1">
      <value>LSM9DS1</value>
      <footprint>Package_LGA:LGA-24L_3x3.5mm_P0.43mm</footprint>
      <datasheet>https://www.digikey.com/htmldatasheets/production/1639232/0/0/1/LSM9DS1-Datasheet.pdf</datasheet>
      <description>I2C SPI 9 axis IMU accelerometer gyroscope magnetometer</description>
      <fields>
        <field name="LCSC Part">C2655096</field>
        <field name="Footprint">Package_LGA:LGA-24L_3x3.5mm_P0.43mm</field>
        <field name="Datasheet">https://www.digikey.com/htmldatasheets/production/1639232/0/0/1/LSM9DS1-Datasheet.pdf</field>
        <field name="Description">I2C SPI 9 axis IMU accelerometer gyroscope magnetometer</field>
      </fields>
      <libsource lib="Sensor_Motion" part="LSM9DS1" description="I2C SPI 9 axis IMU accelerometer gyroscope magnetometer"/>
      <property name="LCSC Part" value="C2655096"/>
      <property name="Sheetname" value="Root"/>
      <property name="Sheetfile" value="drn2.kicad_sch"/>
      <property name="ki_keywords" value="I2C SPI IMU accelerometer gyroscope magnetometer"/>
      <property name="ki_fp_filters" value="LGA*3x3.5mm*P0.43mm*"/>
      <sheetpath names="/" tstamps="/"/>
      <tstamps>f33ba3a3-afbd-45a2-b06b-06243771094b</tstamps>
    </comp>
    <comp ref="J1">
      <value>Conn_01x03_Socket</value>
      <footprint>Connector_PinHeader_2.54mm:PinHeader_1x03_P2.54mm_Vertical</footprint>
      <description>Generic connector, single row, 01x03, script generated</description>
      <fields>
        <field name="LCSC Part">C49257</field>
        <field name="Footprint">Connector_PinHeader_2.54mm:PinHeader_1x03_P2.54mm_Vertical</field>
        <field name="Datasheet"/>
        <field name="Description">Generic connector, single row, 01x03, script generated</field>
      </fields>
      <libsource lib="Connector" part="Conn_01x03_Socket" description="Generic connector, single row, 01x03, script generated"/>
      <property name="LCSC Part" value="C49257"/>
      <property name="Sheetname" value="Root"/>
      <property name="Sheetfile" value="drn2.kicad_sch"/>
      <property name="ki_keywords" value="connector"/>
      <property name="ki_fp_filters" value="Connector*:*_1x??_*"/>
      <sheetpath names="/" tstamps="/"/>
      <tstamps>e21e1939-cb77-4249-8714-55e60b8f0026</tstamps>
    </comp>
    <comp ref="J2">
      <value>Conn_01x04_Socket</value>
      <footprint>Connector_PinSocket_2.54mm:PinSocket_1x04_P2.54mm_Vertical</footprint>
      <description>Generic connector, single row, 01x04, script generated</description>
      <fields>
        <field name="LCSC Part">C2718488</field>
        <field name="Footprint">Connector_PinSocket_2.54mm:PinSocket_1x04_P2.54mm_Vertical</field>
        <field name="Datasheet"/>
        <field name="Description">Generic connector, single row, 01x04, script generated</field>
      </fields>
      <libsource lib="Connector" part="Conn_01x04_Socket" description="Generic connector, single row, 01x04, script generated"/>
      <property name="LCSC Part" value="C2718488"/>
      <property name="Sheetname" value="Root"/>
      <property name="Sheetfile" value="drn2.kicad_sch"/>
      <property name="ki_keywords" value="connector"/>
      <property name="ki_fp_filters" value="Connector*:*_1x??_*"/>
      <sheetpath names="/" tstamps="/"/>
      <tstamps>2d621ebc-7790-462e-8a52-aef4fe02e83d</tstamps>
    </comp>
    <comp ref="J3">
      <value>Conn_01x03_Socket</value>
      <footprint>Connector_PinHeader_2.54mm:PinHeader_1x03_P2.54mm_Vertical</footprint>
      <description>Generic connector, single row, 01x03, script generated</description>
      <fields>
        <field name="LCSC Part">C49257</field>
        <field name="Footprint">Connector_PinHeader_2.54mm:PinHeader_1x03_P2.54mm_Vertical</field>
        <field name="Datasheet"/>
        <field name="Description">Generic connector, single row, 01x03, script generated</field>
      </fields>
      <libsource lib="Connector" part="Conn_01x03_Socket" description="Generic connector, single row, 01x03, script generated"/>
      <property name="LCSC Part" value="C49257"/>
      <property name="Sheetname" value="Root"/>
      <property name="Sheetfile" value="drn2.kicad_sch"/>
      <property name="ki_keywords" value="connector"/>
      <property name="ki_fp_filters" value="Connector*:*_1x??_*"/>
      <sheetpath names="/" tstamps="/"/>
      <tstamps>a1253371-4aa3-46eb-b170-dfd583b9081b</tstamps>
    </comp>
    <comp ref="J3_F2_BAT1">
      <value>Conn_01x02_Pin</value>
      <footprint>Connector_AMASS:AMASS_XT60-F_1x02_P7.20mm_Vertical</footprint>
      <description>Generic connector, single row, 01x02, script generated</description>
      <fields>
        <field name="LCSC Part">C98733</field>
        <field name="Footprint">Connector_AMASS:AMASS_XT60-F_1x02_P7.20mm_Vertical</field>
        <field name="Datasheet"/>
        <field name="Description">Generic connector, single row, 01x02, script generated</field>
      </fields>
      <libsource lib="" part="Conn_01x02_Pin_1" description="Generic connector, single row, 01x02, script generated"/>
      <property name="LCSC Part" value="C98733"/>
      <property name="Sheetname" value="Root"/>
      <property name="Sheetfile" value="drn2.kicad_sch"/>
      <property name="ki_keywords" value="connector"/>
      <property name="ki_fp_filters" value="Connector*:*_1x??_*"/>
      <sheetpath names="/" tstamps="/"/>
      <tstamps>f3663f8a-fb14-4f89-b0bb-bd3ed27860ef</tstamps>
    </comp>
    <comp ref="J4">
      <value>Conn_01x03_Socket</value>
      <footprint>Connector_PinHeader_2.54mm:PinHeader_1x03_P2.54mm_Vertical</footprint>
      <description>Generic connector, single row, 01x03, script generated</description>
      <fields>
        <field name="LCSC Part">C49257</field>
        <field name="Field6"/>
        <field name="Footprint">Connector_PinHeader_2.54mm:PinHeader_1x03_P2.54mm_Vertical</field>
        <field name="Datasheet"/>
        <field name="Description">Generic connector, single row, 01x03, script generated</field>
      </fields>
      <libsource lib="Connector" part="Conn_01x03_Socket" description="Generic connector, single row, 01x03, script generated"/>
      <property name="LCSC Part" value="C49257"/>
      <property name="Field6" value=""/>
      <property name="Sheetname" value="Root"/>
      <property name="Sheetfile" value="drn2.kicad_sch"/>
      <property name="ki_keywords" value="connector"/>
      <property name="ki_fp_filters" value="Connector*:*_1x??_*"/>
      <sheetpath names="/" tstamps="/"/>
      <tstamps>9c4dcb28-acfb-4b59-8bc1-8bc99d3e00d7</tstamps>
    </comp>
    <comp ref="J4_M0_MOT0">
      <value>Conn_01x02_Pin</value>
      <footprint>Connector_AMASS:AMASS_XT60-F_1x02_P7.20mm_Vertical</footprint>
      <description>Generic connector, single row, 01x02, script generated</description>
      <fields>
        <field name="LCSC Part">C98734</field>
        <field name="Footprint">Connector_AMASS:AMASS_XT60-F_1x02_P7.20mm_Vertical</field>
        <field name="Datasheet"/>
        <field name="Description">Generic connector, single row, 01x02, script generated</field>
      </fields>
      <libsource lib="Connector" part="Conn_01x02_Pin" description="Generic connector, single row, 01x02, script generated"/>
      <property name="LCSC Part" value="C98734"/>
      <property name="Sheetname" value="Root"/>
      <property name="Sheetfile" value="drn2.kicad_sch"/>
      <property name="ki_keywords" value="connector"/>
      <property name="ki_fp_filters" value="Connector*:*_1x??_*"/>
      <sheetpath names="/" tstamps="/"/>
      <tstamps>618f9af8-33a5-489a-bd1f-eebeb52407ac</tstamps>
    </comp>
    <comp ref="J4_M1_MOT1">
      <value>Conn_01x02_Pin</value>
      <footprint>Connector_AMASS:AMASS_XT60-F_1x02_P7.20mm_Vertical</footprint>
      <description>Generic connector, single row, 01x02, script generated</description>
      <fields>
        <field name="LCSC Part">C98734</field>
        <field name="Footprint">Connector_AMASS:AMASS_XT60-F_1x02_P7.20mm_Vertical</field>
        <field name="Datasheet"/>
        <field name="Description">Generic connector, single row, 01x02, script generated</field>
      </fields>
      <libsource lib="Connector" part="Conn_01x02_Pin" description="Generic connector, single row, 01x02, script generated"/>
      <property name="LCSC Part" value="C98734"/>
      <property name="Sheetname" value="Root"/>
      <property name="Sheetfile" value="drn2.kicad_sch"/>
      <property name="ki_keywords" value="connector"/>
      <property name="ki_fp_filters" value="Connector*:*_1x??_*"/>
      <sheetpath names="/" tstamps="/"/>
      <tstamps>4b03f487-74b6-477b-a0c2-fd9f044aa17f</tstamps>
    </comp>
    <comp ref="J4_M2_MOT2">
      <value>Conn_01x02_Pin</value>
      <footprint>Connector_AMASS:AMASS_XT60-F_1x02_P7.20mm_Vertical</footprint>
      <description>Generic connector, single row, 01x02, script generated</description>
      <fields>
        <field name="LCSC Part">C98734</field>
        <field name="Footprint">Connector_AMASS:AMASS_XT60-F_1x02_P7.20mm_Vertical</field>
        <field name="Datasheet"/>
        <field name="Description">Generic connector, single row, 01x02, script generated</field>
      </fields>
      <libsource lib="Connector" part="Conn_01x02_Pin" description="Generic connector, single row, 01x02, script generated"/>
      <property name="LCSC Part" value="C98734"/>
      <property name="Sheetname" value="Root"/>
      <property name="Sheetfile" value="drn2.kicad_sch"/>
      <property name="ki_keywords" value="connector"/>
      <property name="ki_fp_filters" value="Connector*:*_1x??_*"/>
      <sheetpath names="/" tstamps="/"/>
      <tstamps>0a292476-4adc-42cf-8e8f-dd299a6aeca5</tstamps>
    </comp>
    <comp ref="J4_M3_MOT3">
      <value>Conn_01x02_Pin</value>
      <footprint>Connector_AMASS:AMASS_XT60-F_1x02_P7.20mm_Vertical</footprint>
      <description>Generic connector, single row, 01x02, script generated</description>
      <fields>
        <field name="LCSC Part">C98734</field>
        <field name="Footprint">Connector_AMASS:AMASS_XT60-F_1x02_P7.20mm_Vertical</field>
        <field name="Datasheet"/>
        <field name="Description">Generic connector, single row, 01x02, script generated</field>
      </fields>
      <libsource lib="Connector" part="Conn_01x02_Pin" description="Generic connector, single row, 01x02, script generated"/>
      <property name="LCSC Part" value="C98734"/>
      <property name="Sheetname" value="Root"/>
      <property name="Sheetfile" value="drn2.kicad_sch"/>
      <property name="ki_keywords" value="connector"/>
      <property name="ki_fp_filters" value="Connector*:*_1x??_*"/>
      <sheetpath names="/" tstamps="/"/>
      <tstamps>ed16f359-339b-48e5-934f-838cd9dd3730</tstamps>
    </comp>
    <comp ref="J7">
      <value>Conn_01x03_Socket</value>
      <footprint>Connector_PinHeader_2.54mm:PinHeader_1x03_P2.54mm_Vertical</footprint>
      <description>Generic connector, single row, 01x03, script generated</description>
      <fields>
        <field name="LCSC Part">C49257</field>
        <field name="Footprint">Connector_PinHeader_2.54mm:PinHeader_1x03_P2.54mm_Vertical</field>
        <field name="Datasheet"/>
        <field name="Description">Generic connector, single row, 01x03, script generated</field>
      </fields>
      <libsource lib="Connector" part="Conn_01x03_Socket" description="Generic connector, single row, 01x03, script generated"/>
      <property name="LCSC Part" value="C49257"/>
      <property name="Sheetname" value="Root"/>
      <property name="Sheetfile" value="drn2.kicad_sch"/>
      <property name="ki_keywords" value="connector"/>
      <property name="ki_fp_filters" value="Connector*:*_1x??_*"/>
      <sheetpath names="/" tstamps="/"/>
      <tstamps>6571492c-c81d-4124-8230-524fc40d9e16</tstamps>
    </comp>
    <comp ref="J9">
      <value>Conn_01x04_Pin</value>
      <footprint>Connector_JST:JST_XH_B4B-XH-A_1x04_P2.50mm_Vertical</footprint>
      <description>Generic connector, single row, 01x04, script generated</description>
      <fields>
        <field name="LCSC Part">C18077835</field>
        <field name="Footprint">Connector_JST:JST_XH_B4B-XH-A_1x04_P2.50mm_Vertical</field>
        <field name="Datasheet"/>
        <field name="Description">Generic connector, single row, 01x04, script generated</field>
      </fields>
      <libsource lib="Connector" part="Conn_01x04_Pin" description="Generic connector, single row, 01x04, script generated"/>
      <property name="LCSC Part" value="C18077835"/>
      <property name="Sheetname" value="Root"/>
      <property name="Sheetfile" value="drn2.kicad_sch"/>
      <property name="ki_keywords" value="connector"/>
      <property name="ki_fp_filters" value="Connector*:*_1x??_*"/>
      <sheetpath names="/" tstamps="/"/>
      <tstamps>0111f1c2-2d56-46ad-9602-0c358be610c6</tstamps>
    </comp>
    <comp ref="J37">
      <value>Conn_01x03_Socket</value>
      <footprint>Connector_PinHeader_2.54mm:PinHeader_1x03_P2.54mm_Vertical</footprint>
      <description>Generic connector, single row, 01x03, script generated</description>
      <fields>
        <field name="LCSC Part">C541850</field>
        <field name="Footprint">Connector_PinHeader_2.54mm:PinHeader_1x03_P2.54mm_Vertical</field>
        <field name="Datasheet"/>
        <field name="Description">Generic connector, single row, 01x03, script generated</field>
      </fields>
      <libsource lib="Connector" part="Conn_01x03_Socket" description="Generic connector, single row, 01x03, script generated"/>
      <property name="LCSC Part" value="C541850"/>
      <property name="Sheetname" value="Root"/>
      <property name="Sheetfile" value="drn2.kicad_sch"/>
      <property name="ki_keywords" value="connector"/>
      <property name="ki_fp_filters" value="Connector*:*_1x??_*"/>
      <sheetpath names="/" tstamps="/"/>
      <tstamps>b5f11005-11e6-432a-aac7-843ad0852747</tstamps>
    </comp>
    <comp ref="MAN1">
      <value>ADS1115IDGS</value>
      <footprint>Package_SO:TSSOP-10_3x3mm_P0.5mm</footprint>
      <datasheet>http://www.ti.com/lit/ds/symlink/ads1113.pdf</datasheet>
      <description>Ultra-Small, Low-Power, I2C-Compatible, 860-SPS, 16-Bit ADCs With Internal Reference, Oscillator, and Programmable Comparator, VSSOP-10</description>
      <fields>
        <field name="LCSC Part">C37593</field>
        <field name="Field6"/>
        <field name="Footprint">Package_SO:TSSOP-10_3x3mm_P0.5mm</field>
        <field name="Datasheet">http://www.ti.com/lit/ds/symlink/ads1113.pdf</field>
        <field name="Description">Ultra-Small, Low-Power, I2C-Compatible, 860-SPS, 16-Bit ADCs With Internal Reference, Oscillator, and Programmable Comparator, VSSOP-10</field>
      </fields>
      <libsource lib="Analog_ADC" part="ADS1115IDGS" description="Ultra-Small, Low-Power, I2C-Compatible, 860-SPS, 16-Bit ADCs With Internal Reference, Oscillator, and Programmable Comparator, VSSOP-10"/>
      <property name="LCSC Part" value="C37593"/>
      <property name="Field6" value=""/>
      <property name="Sheetname" value="Root"/>
      <property name="Sheetfile" value="drn2.kicad_sch"/>
      <property name="ki_keywords" value="16 bit 4 channel I2C ADC"/>
      <property name="ki_fp_filters" value="TSSOP*3x3mm*P0.5mm*"/>
      <sheetpath names="/" tstamps="/"/>
      <tstamps>79b96b4d-2770-4822-82a0-2e69878c1bb0</tstamps>
    </comp>
    <comp ref="MO0">
      <value>TestPoint</value>
      <footprint>TestPoint:TestPoint_Pad_D1.0mm</footprint>
      <description>test point</description>
      <fields>
        <field name="JLCPCB BOM">0</field>
        <field name="Footprint">TestPoint:TestPoint_Pad_D1.0mm</field>
        <field name="Datasheet"/>
        <field name="Description">test point</field>
      </fields>
      <libsource lib="Connector" part="TestPoint" description="test point"/>
      <property name="JLCPCB BOM" value="0"/>
      <property name="Sheetname" value="Root"/>
      <property name="Sheetfile" value="drn2.kicad_sch"/>
      <property name="ki_keywords" value="test point tp"/>
      <property name="ki_fp_filters" value="Pin* Test*"/>
      <sheetpath names="/" tstamps="/"/>
      <tstamps>243b2753-5b9e-4fae-bb55-eef03f0648e8</tstamps>
    </comp>
    <comp ref="MO1">
      <value>TestPoint</value>
      <footprint>TestPoint:TestPoint_Pad_D1.0mm</footprint>
      <description>test point</description>
      <fields>
        <field name="JLCPCB BOM">0</field>
        <field name="Footprint">TestPoint:TestPoint_Pad_D1.0mm</field>
        <field name="Datasheet"/>
        <field name="Description">test point</field>
      </fields>
      <libsource lib="Connector" part="TestPoint" description="test point"/>
      <property name="JLCPCB BOM" value="0"/>
      <property name="Sheetname" value="Root"/>
      <property name="Sheetfile" value="drn2.kicad_sch"/>
      <property name="ki_keywords" value="test point tp"/>
      <property name="ki_fp_filters" value="Pin* Test*"/>
      <sheetpath names="/" tstamps="/"/>
      <tstamps>e20853d7-efca-490b-8473-8e0980c53b91</tstamps>
    </comp>
    <comp ref="MO2">
      <value>TestPoint</value>
      <footprint>TestPoint:TestPoint_Pad_D1.0mm</footprint>
      <description>test point</description>
      <fields>
        <field name="JLCPCB BOM">0</field>
        <field name="Footprint">TestPoint:TestPoint_Pad_D1.0mm</field>
        <field name="Datasheet"/>
        <field name="Description">test point</field>
      </fields>
      <libsource lib="Connector" part="TestPoint" description="test point"/>
      <property name="JLCPCB BOM" value="0"/>
      <property name="Sheetname" value="Root"/>
      <property name="Sheetfile" value="drn2.kicad_sch"/>
      <property name="ki_keywords" value="test point tp"/>
      <property name="ki_fp_filters" value="Pin* Test*"/>
      <sheetpath names="/" tstamps="/"/>
      <tstamps>b143c59c-90f4-41fa-97d4-69e90b26c40b</tstamps>
    </comp>
    <comp ref="MO3">
      <value>TestPoint</value>
      <footprint>TestPoint:TestPoint_Pad_D1.0mm</footprint>
      <description>test point</description>
      <fields>
        <field name="JLCPCB BOM">0</field>
        <field name="Footprint">TestPoint:TestPoint_Pad_D1.0mm</field>
        <field name="Datasheet"/>
        <field name="Description">test point</field>
      </fields>
      <libsource lib="Connector" part="TestPoint" description="test point"/>
      <property name="JLCPCB BOM" value="0"/>
      <property name="Sheetname" value="Root"/>
      <property name="Sheetfile" value="drn2.kicad_sch"/>
      <property name="ki_keywords" value="test point tp"/>
      <property name="ki_fp_filters" value="Pin* Test*"/>
      <sheetpath names="/" tstamps="/"/>
      <tstamps>93e569da-13d6-40c6-9adf-7d02723ad88e</tstamps>
    </comp>
    <comp ref="R1">
      <value>130</value>
      <footprint>Resistor_SMD:R_0603_1608Metric</footprint>
      <description>Resistor</description>
      <fields>
        <field name="LCSC Part">C22796</field>
        <field name="Footprint">Resistor_SMD:R_0603_1608Metric</field>
        <field name="Datasheet"/>
        <field name="Description">Resistor</field>
      </fields>
      <libsource lib="Device" part="R" description="Resistor"/>
      <property name="LCSC Part" value="C22796"/>
      <property name="Sheetname" value="Root"/>
      <property name="Sheetfile" value="drn2.kicad_sch"/>
      <property name="ki_keywords" value="R res resistor"/>
      <property name="ki_fp_filters" value="R_*"/>
      <sheetpath names="/" tstamps="/"/>
      <tstamps>8f6577e7-4110-4009-a974-fe76e4b866e6</tstamps>
    </comp>
    <comp ref="R2">
      <value>130</value>
      <footprint>Resistor_SMD:R_0603_1608Metric</footprint>
      <description>Resistor</description>
      <fields>
        <field name="LCSC Part">C22796</field>
        <field name="Footprint">Resistor_SMD:R_0603_1608Metric</field>
        <field name="Datasheet"/>
        <field name="Description">Resistor</field>
      </fields>
      <libsource lib="Device" part="R" description="Resistor"/>
      <property name="LCSC Part" value="C22796"/>
      <property name="Sheetname" value="Root"/>
      <property name="Sheetfile" value="drn2.kicad_sch"/>
      <property name="ki_keywords" value="R res resistor"/>
      <property name="ki_fp_filters" value="R_*"/>
      <sheetpath names="/" tstamps="/"/>
      <tstamps>34ac97b7-03e6-47c9-ae3a-743be9ccb88f</tstamps>
    </comp>
    <comp ref="R3">
      <value>130</value>
      <footprint>Resistor_SMD:R_0603_1608Metric</footprint>
      <description>Resistor</description>
      <fields>
        <field name="LCSC Part">C22796</field>
        <field name="Footprint">Resistor_SMD:R_0603_1608Metric</field>
        <field name="Datasheet"/>
        <field name="Description">Resistor</field>
      </fields>
      <libsource lib="Device" part="R" description="Resistor"/>
      <property name="LCSC Part" value="C22796"/>
      <property name="Sheetname" value="Root"/>
      <property name="Sheetfile" value="drn2.kicad_sch"/>
      <property name="ki_keywords" value="R res resistor"/>
      <property name="ki_fp_filters" value="R_*"/>
      <sheetpath names="/" tstamps="/"/>
      <tstamps>e14e6354-13a4-4bef-b84e-9fd3879de021</tstamps>
    </comp>
    <comp ref="R4">
      <value>49.9</value>
      <footprint>Resistor_SMD:R_0603_1608Metric</footprint>
      <description>Resistor</description>
      <fields>
        <field name="LCSC Part">C23185</field>
        <field name="JLCPCB BOM">0 ou 1</field>
        <field name="Footprint">Resistor_SMD:R_0603_1608Metric</field>
        <field name="Datasheet"/>
        <field name="Description">Resistor</field>
      </fields>
      <libsource lib="Device" part="R" description="Resistor"/>
      <property name="LCSC Part" value="C23185"/>
      <property name="JLCPCB BOM" value="0 ou 1"/>
      <property name="Sheetname" value="Root"/>
      <property name="Sheetfile" value="drn2.kicad_sch"/>
      <property name="ki_keywords" value="R res resistor"/>
      <property name="ki_fp_filters" value="R_*"/>
      <sheetpath names="/" tstamps="/"/>
      <tstamps>54a54617-0b7b-4268-a3cd-3103ed5334e0</tstamps>
    </comp>
    <comp ref="R5">
      <value>49.9</value>
      <footprint>Resistor_SMD:R_0603_1608Metric</footprint>
      <description>Resistor</description>
      <fields>
        <field name="LCSC Part">C23185</field>
        <field name="Footprint">Resistor_SMD:R_0603_1608Metric</field>
        <field name="Datasheet"/>
        <field name="Description">Resistor</field>
      </fields>
      <libsource lib="Device" part="R" description="Resistor"/>
      <property name="LCSC Part" value="C23185"/>
      <property name="Sheetname" value="Root"/>
      <property name="Sheetfile" value="drn2.kicad_sch"/>
      <property name="ki_keywords" value="R res resistor"/>
      <property name="ki_fp_filters" value="R_*"/>
      <sheetpath names="/" tstamps="/"/>
      <tstamps>e2a97661-be0f-40ba-9d5a-1cd561b330f2</tstamps>
    </comp>
    <comp ref="R6">
      <value>49.9</value>
      <footprint>Resistor_SMD:R_0603_1608Metric</footprint>
      <description>Resistor</description>
      <fields>
        <field name="LCSC Part">C23185</field>
        <field name="Footprint">Resistor_SMD:R_0603_1608Metric</field>
        <field name="Datasheet"/>
        <field name="Description">Resistor</field>
      </fields>
      <libsource lib="Device" part="R" description="Resistor"/>
      <property name="LCSC Part" value="C23185"/>
      <property name="Sheetname" value="Root"/>
      <property name="Sheetfile" value="drn2.kicad_sch"/>
      <property name="ki_keywords" value="R res resistor"/>
      <property name="ki_fp_filters" value="R_*"/>
      <sheetpath names="/" tstamps="/"/>
      <tstamps>132b0cda-5138-40ec-99c9-58aefbaefb60</tstamps>
    </comp>
    <comp ref="R7">
      <value>130</value>
      <footprint>Resistor_SMD:R_0603_1608Metric</footprint>
      <description>Resistor</description>
      <fields>
        <field name="LCSC Part">C22796</field>
        <field name="Footprint">Resistor_SMD:R_0603_1608Metric</field>
        <field name="Datasheet"/>
        <field name="Description">Resistor</field>
      </fields>
      <libsource lib="Device" part="R" description="Resistor"/>
      <property name="LCSC Part" value="C22796"/>
      <property name="Sheetname" value="Root"/>
      <property name="Sheetfile" value="drn2.kicad_sch"/>
      <property name="ki_keywords" value="R res resistor"/>
      <property name="ki_fp_filters" value="R_*"/>
      <sheetpath names="/" tstamps="/"/>
      <tstamps>3e358dd3-c1b5-4f3a-a408-ce2dd024802f</tstamps>
    </comp>
    <comp ref="R8">
      <value>130</value>
      <footprint>Resistor_SMD:R_0603_1608Metric</footprint>
      <description>Resistor</description>
      <fields>
        <field name="LCSC Part">C22796</field>
        <field name="Footprint">Resistor_SMD:R_0603_1608Metric</field>
        <field name="Datasheet"/>
        <field name="Description">Resistor</field>
      </fields>
      <libsource lib="Device" part="R" description="Resistor"/>
      <property name="LCSC Part" value="C22796"/>
      <property name="Sheetname" value="Root"/>
      <property name="Sheetfile" value="drn2.kicad_sch"/>
      <property name="ki_keywords" value="R res resistor"/>
      <property name="ki_fp_filters" value="R_*"/>
      <sheetpath names="/" tstamps="/"/>
      <tstamps>aa4e7f17-039b-4c44-ba9e-72e16c5e39d8</tstamps>
    </comp>
    <comp ref="R9">
      <value>130</value>
      <footprint>Resistor_SMD:R_0603_1608Metric</footprint>
      <description>Resistor</description>
      <fields>
        <field name="LCSC Part">C22796</field>
        <field name="Footprint">Resistor_SMD:R_0603_1608Metric</field>
        <field name="Datasheet"/>
        <field name="Description">Resistor</field>
      </fields>
      <libsource lib="Device" part="R" description="Resistor"/>
      <property name="LCSC Part" value="C22796"/>
      <property name="Sheetname" value="Root"/>
      <property name="Sheetfile" value="drn2.kicad_sch"/>
      <property name="ki_keywords" value="R res resistor"/>
      <property name="ki_fp_filters" value="R_*"/>
      <sheetpath names="/" tstamps="/"/>
      <tstamps>532c04dd-1425-4c20-a688-fec0e547b6b3</tstamps>
    </comp>
    <comp ref="R10">
      <value>130</value>
      <footprint>Resistor_SMD:R_0603_1608Metric</footprint>
      <description>Resistor</description>
      <fields>
        <field name="LCSC Part">C22796</field>
        <field name="Footprint">Resistor_SMD:R_0603_1608Metric</field>
        <field name="Datasheet"/>
        <field name="Description">Resistor</field>
      </fields>
      <libsource lib="Device" part="R" description="Resistor"/>
      <property name="LCSC Part" value="C22796"/>
      <property name="Sheetname" value="Root"/>
      <property name="Sheetfile" value="drn2.kicad_sch"/>
      <property name="ki_keywords" value="R res resistor"/>
      <property name="ki_fp_filters" value="R_*"/>
      <sheetpath names="/" tstamps="/"/>
      <tstamps>db05153e-6dc9-48dc-9a67-2e392e5518a9</tstamps>
    </comp>
    <comp ref="R11">
      <value>130</value>
      <footprint>Resistor_SMD:R_0603_1608Metric</footprint>
      <description>Resistor</description>
      <fields>
        <field name="LCSC Part">C22796</field>
        <field name="Footprint">Resistor_SMD:R_0603_1608Metric</field>
        <field name="Datasheet"/>
        <field name="Description">Resistor</field>
      </fields>
      <libsource lib="Device" part="R" description="Resistor"/>
      <property name="LCSC Part" value="C22796"/>
      <property name="Sheetname" value="Root"/>
      <property name="Sheetfile" value="drn2.kicad_sch"/>
      <property name="ki_keywords" value="R res resistor"/>
      <property name="ki_fp_filters" value="R_*"/>
      <sheetpath names="/" tstamps="/"/>
      <tstamps>97e9d0da-7aaa-4dee-92d5-0442b2a72ce3</tstamps>
    </comp>
    <comp ref="R14">
      <value>7K5</value>
      <footprint>Resistor_SMD:R_0603_1608Metric</footprint>
      <description>Resistor</description>
      <fields>
        <field name="LCSC Part">C728597</field>
        <field name="JLCPCB BOM">0 ou 1</field>
        <field name="Footprint">Resistor_SMD:R_0603_1608Metric</field>
        <field name="Datasheet"/>
        <field name="Description">Resistor</field>
      </fields>
      <libsource lib="Device" part="R" description="Resistor"/>
      <property name="LCSC Part" value="C728597"/>
      <property name="JLCPCB BOM" value="0 ou 1"/>
      <property name="Sheetname" value="Root"/>
      <property name="Sheetfile" value="drn2.kicad_sch"/>
      <property name="ki_keywords" value="R res resistor"/>
      <property name="ki_fp_filters" value="R_*"/>
      <sheetpath names="/" tstamps="/"/>
      <tstamps>a99af984-5088-4d09-9c30-c0eea969c1c6</tstamps>
    </comp>
    <comp ref="R15">
      <value>2K5</value>
      <footprint>Resistor_SMD:R_0603_1608Metric</footprint>
      <description>Resistor</description>
      <fields>
        <field name="LCSC Part">C304065</field>
        <field name="JLCPCB BOM">0 ou 1</field>
        <field name="Footprint">Resistor_SMD:R_0603_1608Metric</field>
        <field name="Datasheet"/>
        <field name="Description">Resistor</field>
      </fields>
      <libsource lib="Device" part="R" description="Resistor"/>
      <property name="LCSC Part" value="C304065"/>
      <property name="JLCPCB BOM" value="0 ou 1"/>
      <property name="Sheetname" value="Root"/>
      <property name="Sheetfile" value="drn2.kicad_sch"/>
      <property name="ki_keywords" value="R res resistor"/>
      <property name="ki_fp_filters" value="R_*"/>
      <sheetpath names="/" tstamps="/"/>
      <tstamps>f58eb2ee-98e1-4be6-9b6b-f8231aa8b848</tstamps>
    </comp>
    <comp ref="RPI2">
      <value>Raspberry_Pi_2_3</value>
      <footprint>Module:Raspberry_Pi_Zero_Socketed_THT_FaceDown_MountingHoles</footprint>
      <datasheet>https://www.raspberrypi.org/documentation/hardware/raspberrypi/schematics/rpi_SCH_3bplus_1p0_reduced.pdf</datasheet>
      <description>expansion header for Raspberry Pi 2 &amp; 3</description>
      <fields>
        <field name="JLCPCB BOM">1</field>
        <field name="LCSC Part">C2977589</field>
        <field name="Footprint">Module:Raspberry_Pi_Zero_Socketed_THT_FaceDown_MountingHoles</field>
        <field name="Datasheet">https://www.raspberrypi.org/documentation/hardware/raspberrypi/schematics/rpi_SCH_3bplus_1p0_reduced.pdf</field>
        <field name="Description">expansion header for Raspberry Pi 2 &amp; 3</field>
      </fields>
      <libsource lib="Connector" part="Raspberry_Pi_2_3" description="expansion header for Raspberry Pi 2 &amp; 3"/>
      <property name="JLCPCB BOM" value="1"/>
      <property name="LCSC Part" value="C2977589"/>
      <property name="Sheetname" value="Root"/>
      <property name="Sheetfile" value="drn2.kicad_sch"/>
      <property name="ki_keywords" value="raspberrypi gpio"/>
      <property name="ki_fp_filters" value="PinHeader*2x20*P2.54mm*Vertical* PinSocket*2x20*P2.54mm*Vertical*"/>
      <sheetpath names="/" tstamps="/"/>
      <tstamps>b7f8ddaf-e7d0-456c-905d-16352c0a1d41</tstamps>
    </comp>
    <comp ref="SCL1">
      <value>TestPoint</value>
      <footprint>TestPoint:TestPoint_Pad_D1.0mm</footprint>
      <description>test point</description>
      <fields>
        <field name="JLCPCB BOM">0</field>
        <field name="Footprint">TestPoint:TestPoint_Pad_D1.0mm</field>
        <field name="Datasheet"/>
        <field name="Description">test point</field>
      </fields>
      <libsource lib="Connector" part="TestPoint" description="test point"/>
      <property name="JLCPCB BOM" value="0"/>
      <property name="Sheetname" value="Root"/>
      <property name="Sheetfile" value="drn2.kicad_sch"/>
      <property name="ki_keywords" value="test point tp"/>
      <property name="ki_fp_filters" value="Pin* Test*"/>
      <sheetpath names="/" tstamps="/"/>
      <tstamps>4d884589-19ae-4fc4-a67f-aecc51389373</tstamps>
    </comp>
    <comp ref="SDA3">
      <value>TestPoint</value>
      <footprint>TestPoint:TestPoint_Pad_D1.0mm</footprint>
      <description>test point</description>
      <fields>
        <field name="JLCPCB BOM">0</field>
        <field name="Footprint">TestPoint:TestPoint_Pad_D1.0mm</field>
        <field name="Datasheet"/>
        <field name="Description">test point</field>
      </fields>
      <libsource lib="Connector" part="TestPoint" description="test point"/>
      <property name="JLCPCB BOM" value="0"/>
      <property name="Sheetname" value="Root"/>
      <property name="Sheetfile" value="drn2.kicad_sch"/>
      <property name="ki_keywords" value="test point tp"/>
      <property name="ki_fp_filters" value="Pin* Test*"/>
      <sheetpath names="/" tstamps="/"/>
      <tstamps>103eeaf6-f369-46e8-9177-0bc41887a377</tstamps>
    </comp>
    <comp ref="SPI1">
      <value>Conn_01x04_Socket</value>
      <footprint>Connector_PinHeader_2.54mm:PinHeader_1x04_P2.54mm_Vertical</footprint>
      <description>Generic connector, single row, 01x04, script generated</description>
      <fields>
        <field name="JLCPCB BOM">1</field>
        <field name="LCSC Part">C2718488</field>
        <field name="Footprint">Connector_PinHeader_2.54mm:PinHeader_1x04_P2.54mm_Vertical</field>
        <field name="Datasheet"/>
        <field name="Description">Generic connector, single row, 01x04, script generated</field>
      </fields>
      <libsource lib="Connector" part="Conn_01x04_Socket" description="Generic connector, single row, 01x04, script generated"/>
      <property name="JLCPCB BOM" value="1"/>
      <property name="LCSC Part" value="C2718488"/>
      <property name="Sheetname" value="Root"/>
      <property name="Sheetfile" value="drn2.kicad_sch"/>
      <property name="ki_keywords" value="connector"/>
      <property name="ki_fp_filters" value="Connector*:*_1x??_*"/>
      <sheetpath names="/" tstamps="/"/>
      <tstamps>13478ac2-9e72-49b9-a573-293352822cae</tstamps>
    </comp>
    <comp ref="TOF1">
      <value>Conn_01x04_Socket</value>
      <footprint>Connector_PinHeader_2.54mm:PinHeader_1x04_P2.54mm_Vertical</footprint>
      <description>Generic connector, single row, 01x04, script generated</description>
      <fields>
        <field name="JLCPCB BOM">0</field>
        <field name="Footprint">Connector_PinHeader_2.54mm:PinHeader_1x04_P2.54mm_Vertical</field>
        <field name="Datasheet"/>
        <field name="Description">Generic connector, single row, 01x04, script generated</field>
      </fields>
      <libsource lib="Connector" part="Conn_01x04_Socket" description="Generic connector, single row, 01x04, script generated"/>
      <property name="JLCPCB BOM" value="0"/>
      <property name="Sheetname" value="Root"/>
      <property name="Sheetfile" value="drn2.kicad_sch"/>
      <property name="ki_keywords" value="connector"/>
      <property name="ki_fp_filters" value="Connector*:*_1x??_*"/>
      <sheetpath names="/" tstamps="/"/>
      <tstamps>41dffa3e-6cfa-40f9-b55a-09ee7767beda</tstamps>
    </comp>
    <comp ref="UART1">
      <value>Conn_01x04_Socket</value>
      <footprint>Connector_PinHeader_2.54mm:PinHeader_1x04_P2.54mm_Vertical</footprint>
      <description>Generic connector, single row, 01x04, script generated</description>
      <fields>
        <field name="JLCPCB BOM">1</field>
        <field name="LCSC Part">C2718488</field>
        <field name="Footprint">Connector_PinHeader_2.54mm:PinHeader_1x04_P2.54mm_Vertical</field>
        <field name="Datasheet"/>
        <field name="Description">Generic connector, single row, 01x04, script generated</field>
      </fields>
      <libsource lib="Connector" part="Conn_01x04_Socket" description="Generic connector, single row, 01x04, script generated"/>
      <property name="JLCPCB BOM" value="1"/>
      <property name="LCSC Part" value="C2718488"/>
      <property name="Sheetname" value="Root"/>
      <property name="Sheetfile" value="drn2.kicad_sch"/>
      <property name="ki_keywords" value="connector"/>
      <property name="ki_fp_filters" value="Connector*:*_1x??_*"/>
      <sheetpath names="/" tstamps="/"/>
      <tstamps>ecbd941d-1dfb-4515-b31d-b3dfd799c29b</tstamps>
    </comp>
    <comp ref="VDD1">
      <value>TestPoint</value>
      <footprint>TestPoint:TestPoint_Pad_D1.0mm</footprint>
      <description>test point</description>
      <fields>
        <field name="JLCPCB BOM">0</field>
        <field name="Footprint">TestPoint:TestPoint_Pad_D1.0mm</field>
        <field name="Datasheet"/>
        <field name="Description">test point</field>
      </fields>
      <libsource lib="Connector" part="TestPoint" description="test point"/>
      <property name="JLCPCB BOM" value="0"/>
      <property name="Sheetname" value="Root"/>
      <property name="Sheetfile" value="drn2.kicad_sch"/>
      <property name="ki_keywords" value="test point tp"/>
      <property name="ki_fp_filters" value="Pin* Test*"/>
      <sheetpath names="/" tstamps="/"/>
      <tstamps>bb0f58bb-e5bd-46ba-8a62-976758e87712</tstamps>
    </comp>
    <comp ref="VDDIO1">
      <value>TestPoint</value>
      <footprint>TestPoint:TestPoint_Pad_D1.0mm</footprint>
      <description>test point</description>
      <fields>
        <field name="JLCPCB BOM">0</field>
        <field name="Footprint">TestPoint:TestPoint_Pad_D1.0mm</field>
        <field name="Datasheet"/>
        <field name="Description">test point</field>
      </fields>
      <libsource lib="Connector" part="TestPoint" description="test point"/>
      <property name="JLCPCB BOM" value="0"/>
      <property name="Sheetname" value="Root"/>
      <property name="Sheetfile" value="drn2.kicad_sch"/>
      <property name="ki_keywords" value="test point tp"/>
      <property name="ki_fp_filters" value="Pin* Test*"/>
      <sheetpath names="/" tstamps="/"/>
      <tstamps>63136605-dd0e-4660-a0c2-451b4dd0d837</tstamps>
    </comp>
  </components>
  <libparts>
    <libpart lib="" part="Conn_01x02_Pin_1">
      <description>Generic connector, single row, 01x02, script generated</description>
      <docs>~</docs>
      <footprints>
        <fp>Connector*:*_1x??_*</fp>
      </footprints>
      <fields>
        <field name="Reference">J</field>
        <field name="Value">Conn_01x02_Pin</field>
        <field name="Footprint"/>
        <field name="Datasheet">~</field>
        <field name="Description">Generic connector, single row, 01x02, script generated</field>
      </fields>
      <pins>
        <pin num="1" name="Pin_1" type="passive"/>
        <pin num="2" name="Pin_2" type="passive"/>
      </pins>
    </libpart>
    <libpart lib="Analog_ADC" part="ADS1115IDGS">
      <description>Ultra-Small, Low-Power, I2C-Compatible, 860-SPS, 16-Bit ADCs With Internal Reference, Oscillator, and Programmable Comparator, VSSOP-10</description>
      <docs>http://www.ti.com/lit/ds/symlink/ads1113.pdf</docs>
      <footprints>
        <fp>TSSOP*3x3mm*P0.5mm*</fp>
      </footprints>
      <fields>
        <field name="Reference">U</field>
        <field name="Value">ADS1115IDGS</field>
        <field name="Footprint">Package_SO:TSSOP-10_3x3mm_P0.5mm</field>
        <field name="Datasheet">http://www.ti.com/lit/ds/symlink/ads1113.pdf</field>
        <field name="Description">Ultra-Small, Low-Power, I2C-Compatible, 860-SPS, 16-Bit ADCs With Internal Reference, Oscillator, and Programmable Comparator, VSSOP-10</field>
      </fields>
      <pins>
        <pin num="1" name="ADDR" type="input"/>
        <pin num="2" name="ALERT/RDY" type="output"/>
        <pin num="3" name="GND" type="power_in"/>
        <pin num="4" name="AIN0" type="input"/>
        <pin num="5" name="AIN1" type="input"/>
        <pin num="6" name="AIN2" type="input"/>
        <pin num="7" name="AIN3" type="input"/>
        <pin num="8" name="VDD" type="power_in"/>
        <pin num="9" name="SDA" type="bidirectional"/>
        <pin num="10" name="SCL" type="input"/>
      </pins>
    </libpart>
    <libpart lib="Connector" part="Conn_01x02_Pin">
      <description>Generic connector, single row, 01x02, script generated</description>
      <docs>~</docs>
      <footprints>
        <fp>Connector*:*_1x??_*</fp>
      </footprints>
      <fields>
        <field name="Reference">J</field>
        <field name="Value">Conn_01x02_Pin</field>
        <field name="Footprint"/>
        <field name="Datasheet">~</field>
        <field name="Description">Generic connector, single row, 01x02, script generated</field>
      </fields>
      <pins>
        <pin num="1" name="Pin_1" type="passive"/>
        <pin num="2" name="Pin_2" type="passive"/>
      </pins>
    </libpart>
    <libpart lib="Connector" part="Conn_01x03_Socket">
      <description>Generic connector, single row, 01x03, script generated</description>
      <docs>~</docs>
      <footprints>
        <fp>Connector*:*_1x??_*</fp>
      </footprints>
      <fields>
        <field name="Reference">J</field>
        <field name="Value">Conn_01x03_Socket</field>
        <field name="Footprint"/>
        <field name="Datasheet">~</field>
        <field name="Description">Generic connector, single row, 01x03, script generated</field>
      </fields>
      <pins>
        <pin num="1" name="Pin_1" type="passive"/>
        <pin num="2" name="Pin_2" type="passive"/>
        <pin num="3" name="Pin_3" type="passive"/>
      </pins>
    </libpart>
    <libpart lib="Connector" part="Conn_01x04_Pin">
      <description>Generic connector, single row, 01x04, script generated</description>
      <docs>~</docs>
      <footprints>
        <fp>Connector*:*_1x??_*</fp>
      </footprints>
      <fields>
        <field name="Reference">J</field>
        <field name="Value">Conn_01x04_Pin</field>
        <field name="Footprint"/>
        <field name="Datasheet">~</field>
        <field name="Description">Generic connector, single row, 01x04, script generated</field>
      </fields>
      <pins>
        <pin num="1" name="Pin_1" type="passive"/>
        <pin num="2" name="Pin_2" type="passive"/>
        <pin num="3" name="Pin_3" type="passive"/>
        <pin num="4" name="Pin_4" type="passive"/>
      </pins>
    </libpart>
    <libpart lib="Connector" part="Conn_01x04_Socket">
      <description>Generic connector, single row, 01x04, script generated</description>
      <docs>~</docs>
      <footprints>
        <fp>Connector*:*_1x??_*</fp>
      </footprints>
      <fields>
        <field name="Reference">J</field>
        <field name="Value">Conn_01x04_Socket</field>
        <field name="Footprint"/>
        <field name="Datasheet">~</field>
        <field name="Description">Generic connector, single row, 01x04, script generated</field>
      </fields>
      <pins>
        <pin num="1" name="Pin_1" type="passive"/>
        <pin num="2" name="Pin_2" type="passive"/>
        <pin num="3" name="Pin_3" type="passive"/>
        <pin num="4" name="Pin_4" type="passive"/>
      </pins>
    </libpart>
    <libpart lib="Connector" part="Raspberry_Pi_2_3">
      <description>expansion header for Raspberry Pi 2 &amp; 3</description>
      <docs>https://www.raspberrypi.org/documentation/hardware/raspberrypi/schematics/rpi_SCH_3bplus_1p0_reduced.pdf</docs>
      <footprints>
        <fp>PinHeader*2x20*P2.54mm*Vertical*</fp>
        <fp>PinSocket*2x20*P2.54mm*Vertical*</fp>
      </footprints>
      <fields>
        <field name="Reference">J</field>
        <field name="Value">Raspberry_Pi_2_3</field>
        <field name="Footprint"/>
        <field name="Datasheet">https://www.raspberrypi.org/documentation/hardware/raspberrypi/schematics/rpi_SCH_3bplus_1p0_reduced.pdf</field>
        <field name="Description">expansion header for Raspberry Pi 2 &amp; 3</field>
      </fields>
      <pins>
        <pin num="1" name="3V3" type="power_in"/>
        <pin num="2" name="5V" type="power_in"/>
        <pin num="3" name="SDA/GPIO2" type="bidirectional"/>
        <pin num="4" name="5V" type="passive"/>
        <pin num="5" name="SCL/GPIO3" type="bidirectional"/>
        <pin num="6" name="GND" type="power_in"/>
        <pin num="7" name="GCLK0/GPIO4" type="bidirectional"/>
        <pin num="8" name="GPIO14/TXD" type="bidirectional"/>
        <pin num="9" name="GND" type="passive"/>
        <pin num="10" name="GPIO15/RXD" type="bidirectional"/>
        <pin num="11" name="GPIO17" type="bidirectional"/>
        <pin num="12" name="GPIO18/PWM0" type="bidirectional"/>
        <pin num="13" name="GPIO27" type="bidirectional"/>
        <pin num="14" name="GND" type="passive"/>
        <pin num="15" name="GPIO22" type="bidirectional"/>
        <pin num="16" name="GPIO23" type="bidirectional"/>
        <pin num="17" name="3V3" type="passive"/>
        <pin num="18" name="GPIO24" type="bidirectional"/>
        <pin num="19" name="MOSI0/GPIO10" type="bidirectional"/>
        <pin num="20" name="GND" type="passive"/>
        <pin num="21" name="MISO0/GPIO9" type="bidirectional"/>
        <pin num="22" name="GPIO25" type="bidirectional"/>
        <pin num="23" name="SCLK0/GPIO11" type="bidirectional"/>
        <pin num="24" name="~{CE0}/GPIO8" type="bidirectional"/>
        <pin num="25" name="GND" type="passive"/>
        <pin num="26" name="~{CE1}/GPIO7" type="bidirectional"/>
        <pin num="27" name="ID_SD/GPIO0" type="bidirectional"/>
        <pin num="28" name="ID_SC/GPIO1" type="bidirectional"/>
        <pin num="29" name="GCLK1/GPIO5" type="bidirectional"/>
        <pin num="30" name="GND" type="passive"/>
        <pin num="31" name="GCLK2/GPIO6" type="bidirectional"/>
        <pin num="32" name="PWM0/GPIO12" type="bidirectional"/>
        <pin num="33" name="PWM1/GPIO13" type="bidirectional"/>
        <pin num="34" name="GND" type="passive"/>
        <pin num="35" name="GPIO19/MISO1" type="bidirectional"/>
        <pin num="36" name="GPIO16" type="bidirectional"/>
        <pin num="37" name="GPIO26" type="bidirectional"/>
        <pin num="38" name="GPIO20/MOSI1" type="bidirectional"/>
        <pin num="39" name="GND" type="passive"/>
        <pin num="40" name="GPIO21/SCLK1" type="bidirectional"/>
      </pins>
    </libpart>
    <libpart lib="Connector" part="TestPoint">
      <description>test point</description>
      <docs>~</docs>
      <footprints>
        <fp>Pin*</fp>
        <fp>Test*</fp>
      </footprints>
      <fields>
        <field name="Reference">TP</field>
        <field name="Value">TestPoint</field>
        <field name="Footprint"/>
        <field name="Datasheet">~</field>
        <field name="Description">test point</field>
      </fields>
      <pins>
        <pin num="1" name="1" type="passive"/>
      </pins>
    </libpart>
    <libpart lib="Device" part="C">
      <description>Unpolarized capacitor</description>
      <docs>~</docs>
      <footprints>
        <fp>C_*</fp>
      </footprints>
      <fields>
        <field name="Reference">C</field>
        <field name="Value">C</field>
        <field name="Footprint"/>
        <field name="Datasheet">~</field>
        <field name="Description">Unpolarized capacitor</field>
      </fields>
      <pins>
        <pin num="1" name="" type="passive"/>
        <pin num="2" name="" type="passive"/>
      </pins>
    </libpart>
    <libpart lib="Device" part="C_Polarized">
      <description>Polarized capacitor</description>
      <docs>~</docs>
      <footprints>
        <fp>CP_*</fp>
      </footprints>
      <fields>
        <field name="Reference">C</field>
        <field name="Value">C_Polarized</field>
        <field name="Footprint"/>
        <field name="Datasheet">~</field>
        <field name="Description">Polarized capacitor</field>
      </fields>
      <pins>
        <pin num="1" name="" type="passive"/>
        <pin num="2" name="" type="passive"/>
      </pins>
    </libpart>
    <libpart lib="Device" part="LED">
      <description>Light emitting diode</description>
      <docs>~</docs>
      <footprints>
        <fp>LED*</fp>
        <fp>LED_SMD:*</fp>
        <fp>LED_THT:*</fp>
      </footprints>
      <fields>
        <field name="Reference">D</field>
        <field name="Value">LED</field>
        <field name="Footprint"/>
        <field name="Datasheet">~</field>
        <field name="Description">Light emitting diode</field>
      </fields>
      <pins>
        <pin num="1" name="K" type="passive"/>
        <pin num="2" name="A" type="passive"/>
      </pins>
    </libpart>
    <libpart lib="Device" part="R">
      <description>Resistor</description>
      <docs>~</docs>
      <footprints>
        <fp>R_*</fp>
      </footprints>
      <fields>
        <field name="Reference">R</field>
        <field name="Value">R</field>
        <field name="Footprint"/>
        <field name="Datasheet">~</field>
        <field name="Description">Resistor</field>
      </fields>
      <pins>
        <pin num="1" name="" type="passive"/>
        <pin num="2" name="" type="passive"/>
      </pins>
    </libpart>
    <libpart lib="Mechanical" part="MountingHole_Pad">
      <description>Mounting Hole with connection</description>
      <docs>~</docs>
      <footprints>
        <fp>MountingHole*Pad*</fp>
      </footprints>
      <fields>
        <field name="Reference">H</field>
        <field name="Value">MountingHole_Pad</field>
        <field name="Footprint"/>
        <field name="Datasheet">~</field>
        <field name="Description">Mounting Hole with connection</field>
      </fields>
      <pins>
        <pin num="1" name="1" type="input"/>
      </pins>
    </libpart>
    <libpart lib="Sensor_Motion" part="LSM9DS1">
      <description>I2C SPI 9 axis IMU accelerometer gyroscope magnetometer</description>
      <docs>https://www.digikey.com/htmldatasheets/production/1639232/0/0/1/LSM9DS1-Datasheet.pdf</docs>
      <footprints>
        <fp>LGA*3x3.5mm*P0.43mm*</fp>
      </footprints>
      <fields>
        <field name="Reference">U</field>
        <field name="Value">LSM9DS1</field>
        <field name="Footprint">Package_LGA:LGA-24L_3x3.5mm_P0.43mm</field>
        <field name="Datasheet">https://www.digikey.com/htmldatasheets/production/1639232/0/0/1/LSM9DS1-Datasheet.pdf</field>
        <field name="Description">I2C SPI 9 axis IMU accelerometer gyroscope magnetometer</field>
      </fields>
      <pins>
        <pin num="1" name="VDDIO" type="power_in"/>
        <pin num="2" name="SCL/SPC" type="input"/>
        <pin num="3" name="VDDIO" type="passive"/>
        <pin num="4" name="SDA/SDI/SDO" type="bidirectional"/>
        <pin num="5" name="SDO_A/G" type="output"/>
        <pin num="6" name="SDO_M" type="output"/>
        <pin num="7" name="CS_A/G" type="input"/>
        <pin num="8" name="CS_M" type="input"/>
        <pin num="9" name="DRDY_M" type="output"/>
        <pin num="10" name="INT_M" type="output"/>
        <pin num="11" name="INT1_A/G" type="output"/>
        <pin num="12" name="INT2_A/G" type="output"/>
        <pin num="13" name="DEN_A/G" type="input"/>
        <pin num="14" name="RES" type="bidirectional"/>
        <pin num="15" name="RES" type="bidirectional"/>
        <pin num="16" name="RES" type="bidirectional"/>
        <pin num="17" name="RES" type="bidirectional"/>
        <pin num="18" name="RES" type="bidirectional"/>
        <pin num="19" name="GND" type="power_in"/>
        <pin num="20" name="GND" type="passive"/>
        <pin num="21" name="CAP" type="passive"/>
        <pin num="22" name="VDD" type="power_in"/>
        <pin num="23" name="VDD" type="passive"/>
        <pin num="24" name="C1" type="passive"/>
      </pins>
    </libpart>
  </libparts>
  <libraries>
    <library logical="Analog_ADC">
      <uri>/usr/share/kicad/symbols//Analog_ADC.kicad_sym</uri>
    </library>
    <library logical="Connector">
      <uri>/usr/share/kicad/symbols//Connector.kicad_sym</uri>
    </library>
    <library logical="Device">
      <uri>/usr/share/kicad/symbols//Device.kicad_sym</uri>
    </library>
    <library logical="Mechanical">
      <uri>/usr/share/kicad/symbols//Mechanical.kicad_sym</uri>
    </library>
    <library logical="Sensor_Motion">
      <uri>/usr/share/kicad/symbols//Sensor_Motion.kicad_sym</uri>
    </library>
  </libraries>
  <nets>
    <net code="1" name="/5V">
      <node ref="5V1" pin="1" pinfunction="Pin_1" pintype="passive"/>
      <node ref="5V1" pin="2" pinfunction="Pin_2" pintype="passive"/>
      <node ref="5V1" pin="3" pinfunction="Pin_3" pintype="passive"/>
      <node ref="5V2" pin="1" pinfunction="1" pintype="passive"/>
      <node ref="I2C1" pin="4" pinfunction="Pin_4" pintype="passive"/>
      <node ref="J1" pin="2" pinfunction="Pin_2" pintype="passive"/>
      <node ref="J3" pin="2" pinfunction="Pin_2" pintype="passive"/>
      <node ref="J37" pin="2" pinfunction="Pin_2" pintype="passive"/>
      <node ref="J4" pin="2" pinfunction="Pin_2" pintype="passive"/>
      <node ref="J7" pin="2" pinfunction="Pin_2" pintype="passive"/>
      <node ref="MAN1" pin="8" pinfunction="VDD" pintype="power_in"/>
      <node ref="R1" pin="1" pintype="passive"/>
      <node ref="R10" pin="2" pintype="passive"/>
      <node ref="R11" pin="2" pintype="passive"/>
      <node ref="R2" pin="1" pintype="passive"/>
      <node ref="R3" pin="1" pintype="passive"/>
      <node ref="R7" pin="1" pintype="passive"/>
      <node ref="RPI2" pin="2" pinfunction="5V" pintype="power_in"/>
      <node ref="RPI2" pin="4" pinfunction="5V" pintype="passive"/>
      <node ref="SPI1" pin="4" pinfunction="Pin_4" pintype="passive"/>
      <node ref="TOF1" pin="4" pinfunction="Pin_4" pintype="passive"/>
      <node ref="UART1" pin="4" pinfunction="Pin_4" pintype="passive"/>
    </net>
    <net code="2" name="/11.1">
      <node ref="BAT1" pin="1" pinfunction="1" pintype="passive"/>
      <node ref="J3_F2_BAT1" pin="2" pinfunction="Pin_2" pintype="passive"/>
      <node ref="J4_M0_MOT0" pin="2" pinfunction="Pin_2" pintype="passive"/>
      <node ref="J4_M1_MOT1" pin="2" pinfunction="Pin_2" pintype="passive"/>
      <node ref="J4_M2_MOT2" pin="2" pinfunction="Pin_2" pintype="passive"/>
      <node ref="J4_M3_MOT3" pin="2" pinfunction="Pin_2" pintype="passive"/>
    </net>
    <net code="3" name="GND">
      <node ref="C1" pin="1" pintype="passive"/>
      <node ref="C2" pin="1" pintype="passive"/>
      <node ref="C3" pin="1" pintype="passive"/>
      <node ref="C4" pin="2" pintype="passive"/>
      <node ref="C5" pin="1" pintype="passive"/>
      <node ref="D1" pin="1" pinfunction="K" pintype="passive"/>
      <node ref="D2" pin="1" pinfunction="K" pintype="passive"/>
      <node ref="D3" pin="1" pinfunction="K" pintype="passive"/>
      <node ref="D4" pin="1" pinfunction="K" pintype="passive"/>
      <node ref="D5" pin="1" pinfunction="K" pintype="passive"/>
      <node ref="D6" pin="1" pinfunction="K" pintype="passive"/>
      <node ref="D7" pin="1" pinfunction="K" pintype="passive"/>
      <node ref="GND1" pin="1" pinfunction="Pin_1" pintype="passive"/>
      <node ref="GND1" pin="2" pinfunction="Pin_2" pintype="passive"/>
      <node ref="GND1" pin="3" pinfunction="Pin_3" pintype="passive"/>
      <node ref="GND7" pin="1" pinfunction="1" pintype="passive"/>
      <node ref="I2C1" pin="1" pinfunction="Pin_1" pintype="passive"/>
      <node ref="IMU1" pin="14" pinfunction="RES" pintype="bidirectional"/>
      <node ref="IMU1" pin="15" pinfunction="RES" pintype="bidirectional"/>
      <node ref="IMU1" pin="16" pinfunction="RES" pintype="bidirectional"/>
      <node ref="IMU1" pin="17" pinfunction="RES" pintype="bidirectional"/>
      <node ref="IMU1" pin="18" pinfunction="RES" pintype="bidirectional"/>
      <node ref="IMU1" pin="19" pinfunction="GND" pintype="power_in"/>
      <node ref="IMU1" pin="20" pinfunction="GND" pintype="passive"/>
      <node ref="J1" pin="1" pinfunction="Pin_1" pintype="passive"/>
      <node ref="J2" pin="1" pinfunction="Pin_1" pintype="passive"/>
      <node ref="J3" pin="1" pinfunction="Pin_1" pintype="passive"/>
      <node ref="J37" pin="1" pinfunction="Pin_1" pintype="passive"/>
      <node ref="J3_F2_BAT1" pin="1" pinfunction="Pin_1" pintype="passive"/>
      <node ref="J4" pin="1" pinfunction="Pin_1" pintype="passive"/>
      <node ref="J4_M0_MOT0" pin="1" pinfunction="Pin_1" pintype="passive"/>
      <node ref="J4_M1_MOT1" pin="1" pinfunction="Pin_1" pintype="passive"/>
      <node ref="J4_M2_MOT2" pin="1" pinfunction="Pin_1" pintype="passive"/>
      <node ref="J4_M3_MOT3" pin="1" pinfunction="Pin_1" pintype="passive"/>
      <node ref="J7" pin="1" pinfunction="Pin_1" pintype="passive"/>
      <node ref="J9" pin="4" pinfunction="Pin_4" pintype="passive"/>
      <node ref="MAN1" pin="3" pinfunction="GND" pintype="power_in"/>
      <node ref="R15" pin="1" pintype="passive"/>
      <node ref="R8" pin="1" pintype="passive"/>
      <node ref="R9" pin="1" pintype="passive"/>
      <node ref="RPI2" pin="14" pinfunction="GND" pintype="passive"/>
      <node ref="RPI2" pin="20" pinfunction="GND" pintype="passive"/>
      <node ref="RPI2" pin="25" pinfunction="GND" pintype="passive"/>
      <node ref="RPI2" pin="30" pinfunction="GND" pintype="passive"/>
      <node ref="RPI2" pin="34" pinfunction="GND" pintype="passive"/>
      <node ref="RPI2" pin="39" pinfunction="GND" pintype="passive"/>
      <node ref="RPI2" pin="6" pinfunction="GND" pintype="power_in"/>
      <node ref="RPI2" pin="9" pinfunction="GND" pintype="passive"/>
      <node ref="SPI1" pin="1" pinfunction="Pin_1" pintype="passive"/>
      <node ref="TOF1" pin="1" pinfunction="Pin_1" pintype="passive"/>
      <node ref="UART1" pin="1" pinfunction="Pin_1" pintype="passive"/>
    </net>
    <net code="4" name="Net-(D1-A)">
      <node ref="D1" pin="2" pinfunction="A" pintype="passive"/>
      <node ref="R4" pin="2" pintype="passive"/>
    </net>
    <net code="5" name="Net-(D2-A)">
      <node ref="D2" pin="2" pinfunction="A" pintype="passive"/>
      <node ref="R5" pin="2" pintype="passive"/>
    </net>
    <net code="6" name="Net-(D3-A)">
      <node ref="D3" pin="2" pinfunction="A" pintype="passive"/>
      <node ref="R6" pin="2" pintype="passive"/>
    </net>
    <net code="7" name="Net-(D4-A)">
      <node ref="D4" pin="2" pinfunction="A" pintype="passive"/>
      <node ref="R1" pin="2" pintype="passive"/>
    </net>
    <net code="8" name="Net-(D5-A)">
      <node ref="D5" pin="2" pinfunction="A" pintype="passive"/>
      <node ref="R2" pin="2" pintype="passive"/>
    </net>
    <net code="9" name="Net-(D6-A)">
      <node ref="D6" pin="2" pinfunction="A" pintype="passive"/>
      <node ref="R3" pin="2" pintype="passive"/>
    </net>
    <net code="10" name="Net-(D7-A)">
      <node ref="D7" pin="2" pinfunction="A" pintype="passive"/>
      <node ref="R7" pin="2" pintype="passive"/>
    </net>
    <net code="11" name="Net-(I2C1-Pin_2)">
      <node ref="I2C1" pin="2" pinfunction="Pin_2" pintype="passive"/>
      <node ref="IMU1" pin="2" pinfunction="SCL/SPC" pintype="input"/>
      <node ref="MAN1" pin="10" pinfunction="SCL" pintype="input"/>
      <node ref="RPI2" pin="5" pinfunction="SCL/GPIO3" pintype="bidirectional"/>
      <node ref="SCL1" pin="1" pinfunction="1" pintype="passive"/>
    </net>
    <net code="12" name="Net-(I2C1-Pin_3)">
      <node ref="I2C1" pin="3" pinfunction="Pin_3" pintype="passive"/>
      <node ref="IMU1" pin="4" pinfunction="SDA/SDI/SDO" pintype="bidirectional"/>
      <node ref="MAN1" pin="9" pinfunction="SDA" pintype="bidirectional"/>
      <node ref="RPI2" pin="3" pinfunction="SDA/GPIO2" pintype="bidirectional"/>
      <node ref="SDA3" pin="1" pinfunction="1" pintype="passive"/>
    </net>
    <net code="13" name="Net-(IMU1-C1)">
      <node ref="C1" pin="2" pintype="passive"/>
      <node ref="IMU1" pin="24" pinfunction="C1" pintype="passive"/>
    </net>
    <net code="14" name="Net-(IMU1-CAP)">
      <node ref="C5" pin="2" pintype="passive"/>
      <node ref="IMU1" pin="21" pinfunction="CAP" pintype="passive"/>
    </net>
    <net code="15" name="Net-(IMU1-CS_A{slash}G)">
      <node ref="IMU1" pin="7" pinfunction="CS_A/G" pintype="input"/>
      <node ref="RPI2" pin="26" pinfunction="~{CE1}/GPIO7" pintype="bidirectional"/>
    </net>
    <net code="16" name="Net-(IMU1-CS_M)">
      <node ref="IMU1" pin="8" pinfunction="CS_M" pintype="input"/>
      <node ref="RPI2" pin="18" pinfunction="GPIO24" pintype="bidirectional"/>
    </net>
    <net code="17" name="Net-(IMU1-DEN_A{slash}G)">
      <node ref="IMU1" pin="13" pinfunction="DEN_A/G" pintype="input"/>
      <node ref="RPI2" pin="7" pinfunction="GCLK0/GPIO4" pintype="bidirectional"/>
    </net>
    <net code="18" name="Net-(IMU1-DRDY_M)">
      <node ref="IMU1" pin="9" pinfunction="DRDY_M" pintype="output"/>
      <node ref="RPI2" pin="15" pinfunction="GPIO22" pintype="bidirectional"/>
    </net>
    <net code="19" name="Net-(IMU1-INT1_A{slash}G)">
      <node ref="IMU1" pin="11" pinfunction="INT1_A/G" pintype="output"/>
      <node ref="RPI2" pin="13" pinfunction="GPIO27" pintype="bidirectional"/>
    </net>
    <net code="20" name="Net-(IMU1-INT2_A{slash}G)">
      <node ref="IMU1" pin="12" pinfunction="INT2_A/G" pintype="output"/>
      <node ref="RPI2" pin="11" pinfunction="GPIO17" pintype="bidirectional"/>
    </net>
    <net code="21" name="Net-(IMU1-INT_M)">
      <node ref="IMU1" pin="10" pinfunction="INT_M" pintype="output"/>
      <node ref="RPI2" pin="16" pinfunction="GPIO23" pintype="bidirectional"/>
    </net>
    <net code="22" name="Net-(IMU1-SDO_A{slash}G)">
      <node ref="IMU1" pin="5" pinfunction="SDO_A/G" pintype="output"/>
      <node ref="RPI2" pin="28" pinfunction="ID_SC/GPIO1" pintype="bidirectional"/>
    </net>
    <net code="23" name="Net-(IMU1-SDO_M)">
      <node ref="IMU1" pin="6" pinfunction="SDO_M" pintype="output"/>
      <node ref="RPI2" pin="27" pinfunction="ID_SD/GPIO0" pintype="bidirectional"/>
    </net>
    <net code="24" name="Net-(J1-Pin_3)">
      <node ref="J1" pin="3" pinfunction="Pin_3" pintype="passive"/>
      <node ref="MO0" pin="1" pinfunction="1" pintype="passive"/>
      <node ref="RPI2" pin="35" pinfunction="GPIO19/MISO1" pintype="bidirectional"/>
    </net>
    <net code="25" name="Net-(J2-Pin_2)">
      <node ref="J2" pin="2" pinfunction="Pin_2" pintype="passive"/>
      <node ref="J9" pin="3" pinfunction="Pin_3" pintype="passive"/>
    </net>
    <net code="26" name="Net-(J2-Pin_3)">
      <node ref="J2" pin="3" pinfunction="Pin_3" pintype="passive"/>
      <node ref="J9" pin="2" pinfunction="Pin_2" pintype="passive"/>
    </net>
    <net code="27" name="Net-(J2-Pin_4)">
      <node ref="J2" pin="4" pinfunction="Pin_4" pintype="passive"/>
      <node ref="J9" pin="1" pinfunction="Pin_1" pintype="passive"/>
      <node ref="R14" pin="2" pintype="passive"/>
    </net>
    <net code="28" name="Net-(J3-Pin_3)">
      <node ref="J3" pin="3" pinfunction="Pin_3" pintype="passive"/>
      <node ref="MO1" pin="1" pinfunction="1" pintype="passive"/>
      <node ref="RPI2" pin="33" pinfunction="PWM1/GPIO13" pintype="bidirectional"/>
    </net>
    <net code="29" name="Net-(J4-Pin_3)">
      <node ref="J4" pin="3" pinfunction="Pin_3" pintype="passive"/>
      <node ref="MO2" pin="1" pinfunction="1" pintype="passive"/>
      <node ref="RPI2" pin="32" pinfunction="PWM0/GPIO12" pintype="bidirectional"/>
    </net>
    <net code="30" name="Net-(J7-Pin_3)">
      <node ref="J7" pin="3" pinfunction="Pin_3" pintype="passive"/>
      <node ref="MO3" pin="1" pinfunction="1" pintype="passive"/>
      <node ref="RPI2" pin="12" pinfunction="GPIO18/PWM0" pintype="bidirectional"/>
    </net>
    <net code="31" name="Net-(J37-Pin_3)">
      <node ref="J37" pin="3" pinfunction="Pin_3" pintype="passive"/>
      <node ref="RPI2" pin="37" pinfunction="GPIO26" pintype="bidirectional"/>
    </net>
    <net code="32" name="Net-(MAN1-ADDR)">
      <node ref="MAN1" pin="1" pinfunction="ADDR" pintype="input"/>
      <node ref="RPI2" pin="24" pinfunction="~{CE0}/GPIO8" pintype="bidirectional"/>
    </net>
    <net code="33" name="Net-(MAN1-AIN0)">
      <node ref="MAN1" pin="4" pinfunction="AIN0" pintype="input"/>
      <node ref="RPI2" pin="1" pinfunction="3V3" pintype="power_in"/>
      <node ref="RPI2" pin="17" pinfunction="3V3" pintype="passive"/>
    </net>
    <net code="34" name="Net-(MAN1-AIN1)">
      <node ref="MAN1" pin="5" pinfunction="AIN1" pintype="input"/>
      <node ref="R14" pin="1" pintype="passive"/>
      <node ref="R15" pin="2" pintype="passive"/>
    </net>
    <net code="35" name="Net-(MAN1-AIN2)">
      <node ref="C3" pin="2" pintype="passive"/>
      <node ref="C4" pin="1" pintype="passive"/>
      <node ref="IMU1" pin="22" pinfunction="VDD" pintype="power_in"/>
      <node ref="IMU1" pin="23" pinfunction="VDD" pintype="passive"/>
      <node ref="MAN1" pin="6" pinfunction="AIN2" pintype="input"/>
      <node ref="R10" pin="1" pintype="passive"/>
      <node ref="R8" pin="2" pintype="passive"/>
      <node ref="VDD1" pin="1" pinfunction="1" pintype="passive"/>
    </net>
    <net code="36" name="Net-(MAN1-AIN3)">
      <node ref="C2" pin="2" pintype="passive"/>
      <node ref="IMU1" pin="1" pinfunction="VDDIO" pintype="power_in"/>
      <node ref="IMU1" pin="3" pinfunction="VDDIO" pintype="passive"/>
      <node ref="MAN1" pin="7" pinfunction="AIN3" pintype="input"/>
      <node ref="R11" pin="1" pintype="passive"/>
      <node ref="R9" pin="2" pintype="passive"/>
      <node ref="VDDIO1" pin="1" pinfunction="1" pintype="passive"/>
    </net>
    <net code="37" name="Net-(MAN1-ALERT{slash}RDY)">
      <node ref="MAN1" pin="2" pinfunction="ALERT/RDY" pintype="output"/>
      <node ref="RPI2" pin="23" pinfunction="SCLK0/GPIO11" pintype="bidirectional"/>
    </net>
    <net code="38" name="Net-(RPI2-GCLK1{slash}GPIO5)">
      <node ref="RPI2" pin="29" pinfunction="GCLK1/GPIO5" pintype="bidirectional"/>
      <node ref="TOF1" pin="3" pinfunction="Pin_3" pintype="passive"/>
    </net>
    <net code="39" name="Net-(RPI2-GCLK2{slash}GPIO6)">
      <node ref="RPI2" pin="31" pinfunction="GCLK2/GPIO6" pintype="bidirectional"/>
      <node ref="TOF1" pin="2" pinfunction="Pin_2" pintype="passive"/>
    </net>
    <net code="40" name="Net-(RPI2-GPIO14{slash}TXD)">
      <node ref="RPI2" pin="8" pinfunction="GPIO14/TXD" pintype="bidirectional"/>
      <node ref="UART1" pin="2" pinfunction="Pin_2" pintype="passive"/>
    </net>
    <net code="41" name="Net-(RPI2-GPIO15{slash}RXD)">
      <node ref="RPI2" pin="10" pinfunction="GPIO15/RXD" pintype="bidirectional"/>
      <node ref="UART1" pin="3" pinfunction="Pin_3" pintype="passive"/>
    </net>
    <net code="42" name="Net-(RPI2-GPIO16)">
      <node ref="R6" pin="1" pintype="passive"/>
      <node ref="RPI2" pin="36" pinfunction="GPIO16" pintype="bidirectional"/>
    </net>
    <net code="43" name="Net-(RPI2-GPIO20{slash}MOSI1)">
      <node ref="R5" pin="1" pintype="passive"/>
      <node ref="RPI2" pin="38" pinfunction="GPIO20/MOSI1" pintype="bidirectional"/>
    </net>
    <net code="44" name="Net-(RPI2-GPIO21{slash}SCLK1)">
      <node ref="R4" pin="1" pintype="passive"/>
      <node ref="RPI2" pin="40" pinfunction="GPIO21/SCLK1" pintype="bidirectional"/>
    </net>
    <net code="45" name="Net-(RPI2-MISO0{slash}GPIO9)">
      <node ref="RPI2" pin="21" pinfunction="MISO0/GPIO9" pintype="bidirectional"/>
      <node ref="SPI1" pin="2" pinfunction="Pin_2" pintype="passive"/>
    </net>
    <net code="46" name="Net-(RPI2-MOSI0{slash}GPIO10)">
      <node ref="RPI2" pin="19" pinfunction="MOSI0/GPIO10" pintype="bidirectional"/>
      <node ref="SPI1" pin="3" pinfunction="Pin_3" pintype="passive"/>
    </net>
    <net code="52" name="unconnected-(RPI2-GPIO25-Pad22)">
      <node ref="RPI2" pin="22" pinfunction="GPIO25" pintype="bidirectional"/>
    </net>
  </nets>
</export>
